stage,mean_final_balanced_accuracy,std_final_balanced_accuracy,mean_initial_balanced_accuracy
step4_random,0.3956264711291035,0.20607587047863574,0.15570102359081459
step6_g_supervised_init,0.4078596694554157,0.2556083476693215,0.3956264711291035
step8_g_dynamic_init,0.42724915651950324,0.28861794536890845,0.43088851224550623
