stage,dataset_id,dataset_name,initial_balanced_accuracy,final_balanced_accuracy
step4_random,18,18,0.16912972085385877,0.7563628899835798
step4_random,171,171,0.1958333333333333,0.45694444444444443
step4_random,181,yeast,0.1464102564102564,0.613076923076923
step4_random,307,307,0.08641975308641975,0.6604938271604939
step4_random,469,analcatdatadmft,0.1787766830870279,0.2144909688013136
step4_random,478,478,0.2569444444444445,0.5902777777777778
step4_random,504,analcatdatasupreme,0.20114942528735633,0.5114942528735632
step4_random,546,sensory,0.15614035087719297,0.24078947368421053
step4_random,1549,autoUnivau,0.1446256038647343,0.19867149758454108
