step,balanced_accuracy
0,0.5190484
1,0.51447976
2,0.5230491
3,0.5277325
4,0.5262002
5,0.529083
6,0.5316846
7,0.52956
8,0.53439426
9,0.53444403
10,0.5345177
11,0.5338059
12,0.5327552
13,0.533629
14,0.5371351
15,0.5431082
16,0.5458027
17,0.542894
18,0.5434845
19,0.54196876
20,0.54287696
21,0.54070723
22,0.5403711
23,0.5410954
24,0.54185367
25,0.54062384
26,0.5399853
27,0.54196054
28,0.5406098
29,0.5406098
30,0.5404603
