step,balanced_accuracy
0,0.4714002
1,0.4734886
2,0.48662913
3,0.4820233
4,0.48191983
5,0.48900306
6,0.49411482
7,0.4983335
8,0.49753278
9,0.50030094
10,0.5021131
11,0.50085354
12,0.50563526
13,0.50566584
14,0.5070634
15,0.50604844
16,0.5067359
17,0.5008535
18,0.50292736
19,0.5061575
20,0.5067698
21,0.5110683
22,0.50951576
23,0.51008433
24,0.5101316
25,0.50983196
26,0.5088676
27,0.50840026
28,0.51000386
29,0.51124257
30,0.51518255
