step,balanced_accuracy
0,0.15570103
1,0.23674807
2,0.28210425
3,0.3126244
4,0.3240645
5,0.31865057
6,0.3178629
7,0.32095608
8,0.32918692
9,0.334904
10,0.34170964
11,0.3448782
12,0.34432012
13,0.35100985
14,0.3544609
15,0.35626617
16,0.35845405
17,0.36627635
18,0.36466593
19,0.37025693
20,0.3785775
21,0.3743713
22,0.37218636
23,0.37946442
24,0.38381717
25,0.38699177
26,0.38742796
27,0.39073637
28,0.38949323
29,0.3926328
30,0.3956265
